title,group,search
Аналитик,аналитика,
Инженер по обслуживанию зданий,АХО,+
Инженер по эксплуатации зданий,АХО,+
Заведующий хозяйством,АХО,+
Главный бухгалтер,бухгалтерия,+
Бухгалтер кассир,бухгалтерия,+
Бухгалтер на первичку,бухгалтерия,+
Бухгалтер-оператор,бухгалтерия,+
Администратор в интернет-магазина,интернет-магазин,+
Менеджер интернет-магазин,интернет-магазин,+
Консультант интернет магазина,интернет-магазин,+
Коммерческий директор,Коммерция,+
Начальник коммерческого отдела,Коммерция,+
Категорийный менеджер,Коммерция,+
Товаровед,Коммерция,+
Директор по маркетингу,маркетинг,+
Руководитель отдела маркетинга,маркетинг,+
Менеджер по маркетингу,маркетинг,!
Маркетолог,маркетинг,!
Бренд менеджер,маркетинг,!
Менеджер по интернет-рекламе,маркетинг,+
Интернет маркетолог,маркетинг,+
SMM специалист,маркетинг,+
SMM менеджер,маркетинг,+
Офис менеджер,офис,+
Управляющий,топ менеджмент,!
HR директор,hr,+
HR менеджер,hr,+
Рекрутер,hr,+
Инспектор кадров,hr,+
Программист 1С,IT,+
Программист Java,IT,
Системный администратор,IT,+
Специалист технической поддержки,IT,+
